{
    "map_for_roll":[1094,1920,-1.25,1.25],
    "map_for_pitch":[1094,1920,-1.0,1.00],
    "map_for_yaw":[1094,1920,0.0,0.0],
    "map_for_roll_rate":[1094,1934,0.0,0.0],
    "map_for_pitch_rate":[1094,1934,0.0,0.0],
    "map_for_yaw_rate":[1094,1934,-0.5,0.5],
    "map_for_thrust":[1094,1934,0.0,1.0],
    "map_for_fwd":[1094,1920,-1.0,1.0],
    "map_for_vtol_mode":[1600,1800,-1.0,1.0],
    "CH_number_for_roll": 1,
    "CH_number_for_pitch": 2,
    "CH_number_for_yaw": 4,
    "CH_number_for_throttle": 3,
    "CH_number_for_forward_motion": 6,
    "CH_number_for_switch_vtol_mode":8,
    "simulate_state_estimator": false,
    "en_receive_raw_rc_over_ros": false,
    "IMPORTANT note": "map_for_fwd must have limits of -1 to 1"
}
