{
    "COMPENSATION_FACTOR_REAR_VANES": 0.0,
    "COMPENSATION_FACTOR_FRONT_CANARD": 0.0,
    "FB_OUTPUT_LIMIT_UPPER":[1.0,1.0,1.0],
    "FB_OUTPUT_LIMIT_LOWER":[-1.0,-1.0,-1.0],
    "FF_VTOL_OUTPUT_LIMIT_UPPER":[1.0,1.0,1.0],
    "FF_VTOL_OUTPUT_LIMIT_LOWER":[-1.0,-1.0,-1.0],
    "FF_PLANE_OUTPUT_LIMIT_UPPER":[1.0,1.0,1.0],
    "FF_PLANE_OUTPUT_LIMIT_LOWER":[-1.0,-1.0,-1.0],
    "BIAS_VTOL_FF":[0.0,0.0,0.0],
    "BIAS_PLANE_FF": [0.0,-0.1,0.0],
    "BIAS_VTOL_FB":[0.0,0.0,0.0],
    "BIAS_FWD": 0.0,
    "DELAY_DOORS_OPENING_CLOSING_SEQ":0.5,
    "DOORS_PAIR_OPENING_DURATION":0.5,

    "DELAY_VANES_CLOSING_VTOL_TO_PLANE":2.0,
    "SET_DELAY_M2_M3_SPINUP_VTOL_TO_PLANE":0.3,
    "PLANE_FRT_SERVO_TILT":1.0,
    "PLANE_VANES_CLOSED_TILT":1.0,
    "FRT_TILT_SERVO_DEADBAND_NORMALIZED":0.5
}
