{
	"source_signal_idx":0,
	"source_signal_type":"Vector3D<float>",
	"sub_signal": "0",
	"discrimination_condition": "less",
	"discriminator_value": 5,
	"client_address": "is_close_to_home",
	"trigger_mode": "once",
	"source_signal_desc":"the index corresponds to the port index at the input of discriminators system. Type string must match HEARTypefromString.hpp",
	"sub_signal_desc": "'0' for 0th component, '1' for 1st component, '2' for 2nd component, 'norm' for the norm of the vector",
	"discrimination_method_desc": "can be 'greater' than, 'less' than, or 'equal'",
	"trigger_mode_desc": "can be 'once' to call the client on the first occurance of the condition, 'repeated' calls client on every occurance of the condition"
}
