{
    "gravity": 9.81,
    "scale_gravity": 0.101936799,
    "inv_thrustToWeight": 0.5,
    "inv_thrustToWeight_Gravity": 0.050852192,

    "yaw_saturation": [
        0.87,
        -0.87,
        0.0
    ],

    "x_saturation": [
        0.87,
        -0.87,
        0.0
    ],

    "y_saturation": [
        0.87,
        -0.87,
        0.0
    ],
    "z_saturation": [
        22.0,
        3.0,
        0.0
    ],
    "act_allocation": "TriCopterKU_vtol_manual_control",
    "simulator_dt_s":0.001,
    "minimum_esc_cmd":0.01,
    "maximum_esc_cmd":1.0,
    "idling_esc_cmd":0.1,
    "minimum_actuator_cmds":      [0.0 ,0.0 ,0.0 ,-0.4828 ,-0.4844 ,-0.3333,-0.3333, -0.1375, -0.5, -0.5],
    "maximum_actuator_cmds":      [1.0 ,1.0 ,1.0 , 0.5172 , 0.5156 , 0.2849, 0.3391, 0.7188 , 0.5, 0.5],
    "minimum_actuator_cmds_plane":[0.01,0.01,0.01,-1.0 ,-1.0, -1.0,-1.0, 0.9,-1.0,-0.9],
    "maximum_actuator_cmds_plane":[1.0 ,1.0 ,1.0 , 1.0 , 1.0,  1.0, 1.0, 1.0 , 0.9, 1.0],
    "idle_io_cmds":          [0.0,0.0,0.0,0.4828,0.4844,0.3333 ,0.6609,0.1375,0.0,0.0,0.0,0.0],
    "disarmed_io_cmds":      [0.0,0.0,0.0,0.4828,0.4844,0.3333 ,0.6609,0.1375,0.0,0.0,0.0,0.0],
    "minimum_io_range":      [0.0,0.0,0.0,0.0,0.0,0.0    ,0.3276, 0.05   ,0.0,0.0,0.0,0.0],
    "maximum_io_range":      [1.0,1.0,1.0,1.0,1.0,0.6183 ,1.0   , 0.8562,0.6,0.5,1.0,1.0],
    "minimum_io_range_plane":[0.0,0.0,0.0,0.3,0.3,0.0 ,0.0 ,1.0,0.0,0.0,0.0,0.0],
    "maximum_io_range_plane":[1.0,1.0,1.0,0.7,0.7,1.0 ,1.0 ,1.0 ,1.0,1.0,1.0,1.0],
    "minimum_angle_deg_vtol":[0.0,0.0,0.0,-30.0,-30.0,-30.0,-30.0,-15.0,0.0,0.0,0.0,0.0],
    "maximum_angle_deg_vtol":[0.0,0.0,0.0, 30.0, 30.0, 30.0, 30.0, 60.0,0.0,0.0,0.0,0.0],
    "enable_prioritized_roll_pitch_allocation_algo":false,
    "running_target":"RPI_UBUNTU20",
    "Description":"TriCopter for KU project"
}
