{
  "minimum_actuator_cmds": [
    0,
    0,
    0,
    -0.5,
    0,
    -0.25663716814159293,
    -0.26785714285714285,
    -0.10810810810810811,
    -0.5,
    -0.5
  ],
  "maximum_actuator_cmds": [
    1,
    1,
    1,
    0.5,
    0,
    0.26548672566371673,
    0.2857142857142857,
    0.59459459459459463,
    0.5,
    0.5
  ],
  "idle_io_cmds": [
    0,
    0.091463414634146312,
    0.091463414634146312,
    0.5,
    0.5,
    0.25663716814159293,
    0.7142857142857143,
    0.10810810810810811,
    0.5,
    0.5,
    0,
    0
  ],
  "disarmed_io_cmds": [
    0,
    0,
    0,
    0.5,
    0.5,
    0.25663716814159293,
    0.7142857142857143,
    0.10810810810810811,
    0.5,
    0.5,
    0,
    0
  ],
  "minimum_io_range": [
    0,
    0.091463414634146312,
    0.091463414634146312,
    0,
    0,
    0,
    0.44642857142857145,
    0,
    0,
    0,
    0,
    0
  ],
  "maximum_io_range": [
    1,
    1,
    1,
    1,
    0,
    0.52212389380530966,
    1,
    0.70270270270270274,
    1,
    1,
    0,
    0
  ],
  "minimum_angle_deg_vtol": [
    0,
    0,
    0,
    -15,
    -15,
    -30,
    -30,
    -10,
    0,
    0,
    0,
    0
  ],
  "maximum_angle_deg_vtol": [
    0,
    0,
    0,
    15,
    15,
    30,
    30,
    60,
    0,
    0,
    0,
    0
  ],
  "minimum_actuator_cmds_plane": [
    0,
    0,
    0,
    -0.5,
    0,
    -0.25663716814159293,
    -0.7142857142857143,
    0,
    -0.5,
    -0.5
  ],
  "maximum_actuator_cmds_plane": [
    1,
    0,
    0,
    0.5,
    0,
    0.74336283185840712,
    0.2857142857142857,
    0,
    0.5,
    0.5
  ],
  "minimum_io_range_plane": [
    0,
    0,
    0,
    0,
    0,
    1,
    0,
    1,
    0,
    0,
    0,
    0
  ],
  "maximum_io_range_plane": [
    1,
    0,
    0,
    1,
    0,
    1,
    0,
    1,
    1,
    1,
    0,
    0
  ],
  "yaw_saturation": [
    6,
    -6,
    0
  ],
  "act_allocation": "TriCopterKU_vtol_manual_control",
  "running_target": "RPI_UBUNTU20"
}