{
  "minimum_actuator_cmds": [
    0,
    0,
    0,
    -0.5,
    0,
    -0.29203539823008851,
    -0.23214285714285715,
    -0.083333333333333329,
    -0.489010989010989,
    -0.49390243902439024
  ],
  "maximum_actuator_cmds": [
    1,
    1,
    1,
    0.5,
    0,
    0.23008849557522115,
    0.3214285714285714,
    0.611111111111111,
    0.510989010989011,
    0.50609756097560976
  ],
  "idle_io_cmds": [
    0,
    0.091463414634146312,
    0.091463414634146312,
    0.5,
    0.5,
    0.29203539823008851,
    0.6785714285714286,
    0.083333333333333329,
    0.489010989010989,
    0.49390243902439024,
    0,
    0
  ],
  "disarmed_io_cmds": [
    0,
    0,
    0,
    0.5,
    0.5,
    0.29203539823008851,
    0.6785714285714286,
    0.083333333333333329,
    0.489010989010989,
    0.49390243902439024,
    0,
    0
  ],
  "minimum_io_range": [
    0,
    0.091463414634146312,
    0.091463414634146312,
    0,
    0,
    0,
    0.44642857142857145,
    0,
    0,
    0,
    0,
    0
  ],
  "maximum_io_range": [
    1,
    1,
    1,
    1,
    0,
    0.52212389380530966,
    1,
    0.69444444444444442,
    1,
    1,
    0,
    0
  ],
  "minimum_angle_deg_vtol": [
    0,
    0,
    0,
    -15,
    -15,
    -30,
    -30,
    -10,
    0,
    0,
    0,
    0
  ],
  "maximum_angle_deg_vtol": [
    0,
    0,
    0,
    15,
    15,
    30,
    30,
    80,
    0,
    0,
    0,
    0
  ],
  "minimum_actuator_cmds_plane": [
    0,
    0,
    0,
    -0.5,
    0,
    -0.29203539823008851,
    -0.6785714285714286,
    0,
    -0.489010989010989,
    -0.49390243902439024
  ],
  "maximum_actuator_cmds_plane": [
    1,
    0,
    0,
    0.5,
    0,
    0.70796460176991149,
    0.3214285714285714,
    0,
    0.510989010989011,
    0.50609756097560976
  ],
  "minimum_io_range_plane": [
    0,
    0,
    0,
    0,
    0,
    1,
    0,
    1,
    0,
    0,
    0,
    0
  ],
  "maximum_io_range_plane": [
    1,
    0,
    0,
    1,
    0,
    1,
    0,
    1,
    1,
    1,
    0,
    0
  ],
  "yaw_saturation": [
    6,
    -6,
    0
  ],
  "act_allocation": "TriCopterKU_vtol_manual_control",
  "running_target": "RPI_UBUNTU20"
}
